<?xml version="1.0" encoding="UTF-8" standalone="yes"?>
<Quota async="false" continueOnError="false" enabled="true" name="Quota" type="calendar">
    <DisplayName>Quota</DisplayName>
    <Properties/>
    <Allow count="200" countRef="verifyapikey.Verify-API-Key.apiproduct.developer.quota.limit"/>
    <Interval ref="verifyapikey.Verify-API-Key.apiproduct.developer.quota.interval">1</Interval>
    <TimeUnit ref="verifyapikey.Verify-API-Key.apiproduct.developer.quota.timeunit">minute</TimeUnit>
    <Distributed>true</Distributed>
    <Synchronous>true</Synchronous>
    <StartTime>2017-02-13 12:00:00</StartTime>
</Quota>