<?xml version="1.0" encoding="UTF-8" standalone="yes"?>
<Manifest name="manifest">
    <Policies>
        <VersionInfo resourceName="Quota" version="SHA-512:6efaa52e24473bee4df74b2098c3d460f28c3f3225798d1dfa65c790a2e7d858f39142dbdf6f39d537dd1b488a7d37f088663d3b663b837aeaccd628417ba1d7"/>
        <VersionInfo resourceName="Spike-Arrest" version="SHA-512:f1d53865a34098b30718eabbb483a8d4975165756913456012166bedd44859cb226b2035543f0a6de8ddcd913c8be6af09fdd00932786e2bbedbc88c25db3332"/>
        <VersionInfo resourceName="Verify-API-Key" version="SHA-512:ae278d3413af05c5a7e4e77ddcafb4b18dc68ece51b40805f9608109c3bf785c127b4200f319b6343e112a36a419b056e3a392a173ea6a0393d3bbf70ff3af3f"/>
    </Policies>
    <ProxyEndpoints/>
    <Resources/>
    <SharedFlows>
        <VersionInfo resourceName="default" version="SHA-512:dd0a555ea69108fe0bdc207703ea2fff5d315fee71ca767e3730c12b2f3d0e9c3d4417c77440ff47b8b5ca309c983cf43cb50fe4b22d68ecaac1182babee0331"/>
    </SharedFlows>
    <TargetEndpoints/>
</Manifest>
