<?xml version="1.0" encoding="UTF-8" standalone="yes"?>
<SharedFlowBundle revision="4" name="security-traffic-mgmt">
    <ConfigurationVersion majorVersion="4" minorVersion="0"/>
    <CreatedAt>1580999450829</CreatedAt>
    <CreatedBy>apigee.edge1@gmail.com</CreatedBy>
    <Description>security-traffic-mgmt</Description>
    <DisplayName>security-traffic-mgmt</DisplayName>
    <LastModifiedAt>1581410659355</LastModifiedAt>
    <LastModifiedBy>apigee.edge1@gmail.com</LastModifiedBy>
    <ManifestVersion>SHA-512:d42673a75f10df3ffa2f62eb4bdd41073720f758f695b4d623e7d37d18bc80117df0fa28822dbded3250be25e63c0188da1a5756e726f049f88dac976528640b</ManifestVersion>
    <Policies>
        <Policy>Quota</Policy>
        <Policy>Spike-Arrest</Policy>
        <Policy>Verify-API-Key</Policy>
    </Policies>
    <Resources/>
    <Spec></Spec>
    <subType>SharedFlow</subType>
    <SharedFlows>
        <SharedFlow>default</SharedFlow>
    </SharedFlows>
</SharedFlowBundle>
